<project name="multiverse" default="dist" basedir=".">
    <description>
        builds all multiverse server components
    </description>

  <!-- set global properties for this build -->
  <property name="src" location="src"/>
  <property name="build" location="build"/>
  <property name="dist"  location="dist"/>
  <property name="build.fork"  value="yes"/>

  <path id="build.classpath">
    <pathelement path="dist/lib/multiverse.jar"/>
  </path>

  <target name="init">
    <!-- Create the time stamp -->
    <tstamp/>
    <!-- Create the build directory structure used by compile -->
    <mkdir dir="${build}"/>
    <mkdir dir="${dist}"/>
  </target>

  <target name="compile" depends="init"
        description="compile the source " >
    <!-- Compile the java code from ${src} into ${build} -->
    <javac srcdir="${src}" 
           destdir="${build}"
           includes="multiverse/mars/**"
           excludes="multiverse/**/eventhandlers/**"
           listfiles="yes"
	   compiler="modern"
	   fork="${build.fork}"
	   classpathref="build.classpath"
           debug="true">
    </javac>
  </target>

  <target name="dist" depends="compile"
        description="generate the distribution" >
    <!-- Create the distribution directory -->
    <mkdir dir="${dist}/lib"/>

  <jar destfile="${dist}/lib/mars.jar"
       basedir="${build}/"
       includes="multiverse/mars/**"
  />
  </target>

  <target name="clean"
        description="clean up" >
    <!-- Delete the ${build} and ${dist} directory trees -->
    <delete dir="${build}"/>
    <delete dir="${dist}"/>
  </target>
</project>
